Dates,Gold Price,US CPI,Real Gold Price,US 10 Year Treasury Yield,US 10 Year Treasury Real Yield,Gold ETF Market Cap,Gold ETF Gold Holdings
1/31/1975,175.5,52.3,3.355640535,7.532,,0,0
2/28/1975,183,52.6,3.479087452,7.462,,0,0
3/31/1975,177.1,52.8,3.354166667,8.012,,0,0
4/30/1975,166.8,53,3.147169811,8.312,,0,0
5/30/1975,166.5,53.1,3.13559322,8.042,,0,0
6/30/1975,167.8,53.5,3.136448598,7.962,,0,0
7/31/1975,167.6,54,3.103703704,8.202,,0,0
8/29/1975,160.2,54.2,2.955719557,8.282,,0,0
9/30/1975,140.5,54.6,2.573260073,8.482,,0,0
10/31/1975,142.8,54.9,2.601092896,7.912,,0,0
11/28/1975,137.3,55.3,2.482820976,8.142,,0,0
12/31/1975,141,55.6,2.535971223,7.762,,0,0
1/30/1976,128.2,55.8,2.297491039,7.802,,0,0
2/27/1976,132.6,55.9,2.372093023,7.772,,0,0
3/31/1976,129.1,56,2.305357143,7.662,,0,0
4/30/1976,128.9,56.1,2.297682709,7.672,,0,0
5/31/1976,126,56.4,2.234042553,7.962,,0,0
6/30/1976,123.9,56.7,2.185185185,7.862,,0,0
7/30/1976,112.1,57,1.966666667,7.862,,0,0
8/31/1976,102.8,57.3,1.794066318,7.662,,0,0
9/30/1976,115.7,57.6,2.008680556,7.552,,0,0
10/29/1976,123.8,57.9,2.138169257,7.422,,0,0
11/30/1976,131.5,58.1,2.263339071,7.012,,0,0
12/31/1976,135.7,58.4,2.323630137,6.812,,0,0
1/31/1977,133,58.7,2.265758092,7.402,,0,0
2/28/1977,144.6,59.3,2.438448567,7.802,,0,0
3/31/1977,149.5,59.6,2.508389262,7.422,,0,0
4/29/1977,148,60,2.466666667,7.452,,0,0
5/31/1977,143.5,60.2,2.38372093,7.382,,0,0
6/30/1977,143.6,60.5,2.373553719,7.202,,0,0
7/29/1977,145.1,60.8,2.386513158,7.422,,0,0
8/31/1977,146.7,61.1,2.400981997,7.112,,0,0
9/30/1977,154.6,61.3,2.522022838,7.412,,0,0
10/31/1977,162.7,61.6,2.641233766,7.622,,0,0
11/30/1977,160.2,62,2.583870968,7.552,,0,0
12/30/1977,167.7,62.3,2.691813804,7.782,,0,0
1/31/1978,176.6,62.7,2.816586922,7.942,,0,0
2/28/1978,184.4,63,2.926984127,8.042,,0,0
3/31/1978,184.1,63.4,2.903785489,8.152,,0,0
4/28/1978,170.6,63.9,2.669796557,8.242,,0,0
5/31/1978,184.3,64.5,2.857364341,8.422,,0,0
6/30/1978,183.7,65,2.826153846,8.622,,0,0
7/31/1978,203.6,65.5,3.108396947,8.562,,0,0
8/31/1978,207.6,65.9,3.150227618,8.392,,0,0
9/29/1978,217.9,66.5,3.276691729,8.562,,0,0
10/31/1978,246.7,67.1,3.676602086,8.962,,0,0
11/30/1978,193.2,67.5,2.862222222,8.862,,0,0
12/29/1978,229,67.9,3.372606775,9.152,,0,0
1/31/1979,232.5,68.5,3.394160584,8.952,,0,0
2/28/1979,252.9,69.2,3.654624277,9.172,,0,0
3/30/1979,239.5,69.9,3.426323319,9.112,,0,0
4/30/1979,249.2,70.6,3.529745042,9.352,,0,0
5/31/1979,276.8,71.4,3.8767507,9.062,,0,0
6/29/1979,283.8,72.2,3.930747922,8.812,,0,0
7/31/1979,286.9,73,3.930136986,9.012,,0,0
8/31/1979,320.2,73.7,4.344640434,9.242,,0,0
9/28/1979,395,74.4,5.309139785,9.442,,0,0
10/31/1979,385.7,75.2,5.128989362,10.722,,0,0
11/30/1979,419.1,76,5.514473684,10.382,,0,0
12/31/1979,541,76.9,7.035110533,10.332,,0,0
1/31/1980,681.5,78,8.737179487,11.132,,0,0
2/29/1980,640,79,8.101265823,12.722,,0,0
3/31/1980,501.5,80.1,6.260923845,12.642,,0,0
4/30/1980,507,80.9,6.266996292,10.762,,0,0
5/30/1980,545.2,81.7,6.673194614,10.252,,0,0
6/30/1980,654,82.5,7.927272727,10.092,,0,0
7/31/1980,619.7,82.6,7.502421308,10.762,,0,0
8/29/1980,641.8,83.2,7.713942308,11.552,,0,0
9/30/1980,671.5,83.9,8.003575685,11.862,,0,0
10/31/1980,642,84.7,7.579693034,12.462,,0,0
11/28/1980,624.6,85.6,7.296728972,12.722,,0,0
12/31/1980,599.5,86.4,6.938657407,12.432,,0,0
1/30/1981,501.7,87.2,5.753440367,12.682,,0,0
2/27/1981,486.5,88,5.528409091,13.432,,0,0
3/31/1981,513.8,88.6,5.799097065,13.132,,0,0
4/30/1981,489,89.1,5.488215488,14.112,,0,0
5/29/1981,479.4,89.7,5.344481605,13.502,,0,0
6/30/1981,427,90.5,4.718232044,13.862,,0,0
7/31/1981,402,91.5,4.393442623,14.672,,0,0
8/31/1981,431.1,92.2,4.675704989,15.412,,0,0
9/30/1981,432.7,93.1,4.647690655,15.842,,0,0
10/30/1981,431.2,93.4,4.616702355,14.632,,0,0
11/30/1981,408.3,93.8,4.352878465,13.132,,0,0
12/31/1981,402.8,94.1,4.280552604,13.982,,0,0
1/29/1982,384.6,94.4,4.074152542,14.142,,0,0
2/26/1982,364.5,94.7,3.848996832,14.032,,0,0
3/31/1982,327.5,94.7,3.458289335,14.182,,0,0
4/30/1982,346.5,95,3.647368421,13.872,,0,0
5/31/1982,322.2,95.9,3.359749739,13.712,,0,0
6/30/1982,317.8,97,3.27628866,14.442,,0,0
7/30/1982,342.7,97.5,3.514871795,13.682,,0,0
8/31/1982,411.8,97.7,4.214943705,12.812,,0,0
9/30/1982,398.5,97.7,4.078812692,11.732,,0,0
10/29/1982,423,98.1,4.311926606,10.712,,0,0
11/30/1982,442.6,98,4.516326531,10.792,,0,0
12/31/1982,453,97.7,4.636642784,10.472,,0,0
1/31/1983,510.1,97.9,5.210418795,10.802,,0,0
2/28/1983,423.7,98,4.323469388,10.272,,0,0
3/31/1983,415.9,98.1,4.239551478,10.622,,0,0
4/29/1983,433.5,98.8,4.387651822,10.272,,0,0
5/31/1983,412,99.2,4.153225806,10.801,,0,0
6/30/1983,418.5,99.4,4.210261569,10.899,,0,0
7/29/1983,412.8,99.8,4.136272545,11.764,,0,0
8/31/1983,417.7,100.1,4.172827173,11.94,,0,0
9/30/1983,401.9,100.4,4.002988048,11.39,,0,0
10/31/1983,378.8,100.8,3.757936508,11.717,,0,0
11/30/1983,403,101.1,3.986152324,11.589,,0,0
12/30/1983,388,101.4,3.82642998,11.801,,0,0
1/31/1984,373.8,102.1,3.661116552,11.642,,0,0
2/29/1984,398.9,102.6,3.88791423,12.055,,0,0
3/30/1984,387.5,102.9,3.765792031,12.471,,0,0
4/30/1984,379.6,103.3,3.674733785,12.798,,0,0
5/31/1984,386.8,103.5,3.737198068,13.804,,0,0
6/29/1984,376.1,103.7,3.6268081,13.839,,0,0
7/31/1984,337.7,104.1,3.243996158,12.867,,0,0
8/31/1984,351.2,104.4,3.363984674,12.771,,0,0
9/28/1984,344.9,104.7,3.29417383,12.431,,0,0
10/31/1984,336,105.1,3.196955281,11.741,,0,0
11/30/1984,329.1,105.3,3.125356125,11.528,,0,0
12/31/1984,309.7,105.5,2.935545024,11.514,,0,0
1/31/1985,304.1,105.7,2.877010407,11.173,,0,0
2/28/1985,288.7,106.3,2.715898401,11.891,,0,0
3/29/1985,329.6,106.8,3.086142322,11.647,,0,0
4/30/1985,316.5,107,2.957943925,11.385,,0,0
5/31/1985,316.2,107.2,2.949626866,10.264,,0,0
6/28/1985,317.7,107.5,2.955348837,10.179,,0,0
7/31/1985,327.1,107.7,3.037140204,10.51,,0,0
8/30/1985,335.4,107.9,3.108433735,10.267,,0,0
9/30/1985,322.8,108.1,2.986123959,10.273,,0,0
10/31/1985,326.7,108.5,3.011059908,9.94,,0,0
11/29/1985,322.9,109,2.962385321,9.56,,0,0
12/31/1985,331.1,109.5,3.023744292,8.986,,0,0
1/31/1986,348.8,109.9,3.173794359,9.049,,0,0
2/28/1986,341,109.7,3.108477666,8.134,,0,0
3/31/1986,331.1,109.1,3.034830431,7.344,,0,0
4/30/1986,348.1,108.7,3.202391904,7.335,,0,0
5/30/1986,344.1,109,3.156880734,8.051,,0,0
6/30/1986,347.7,109.4,3.178244973,7.321,,0,0
7/31/1986,362.7,109.5,3.312328767,7.275,,0,0
8/29/1986,389.5,109.6,3.553832117,6.919,,0,0
9/30/1986,425.7,110,3.87,7.421,,0,0
10/31/1986,405.5,110.2,3.679673321,7.321,,0,0
11/28/1986,390.9,110.4,3.54076087,7.136,,0,0
12/31/1986,407,110.8,3.673285199,7.223,,0,0
1/30/1987,405.1,111.4,3.636445242,7.178,,0,0
2/27/1987,407.4,111.8,3.644007156,7.159,,0,0
3/31/1987,418,112.2,3.725490196,7.537,,0,0
4/30/1987,456.5,112.7,4.050576752,8.179,,0,0
5/29/1987,450.2,113,3.984070796,8.463,,0,0
6/30/1987,452.2,113.5,3.984140969,8.367,,0,0
7/31/1987,464.1,113.8,4.078207381,8.652,,0,0
8/31/1987,453.2,114.3,3.965004374,8.967,,0,0
9/30/1987,452.7,114.7,3.946817786,9.587,,0,0
10/30/1987,471.2,115,4.097391304,8.875,,0,0
11/30/1987,491,115.4,4.254766031,8.972,,0,0
12/31/1987,488.9,115.6,4.229238754,8.859,,0,0
1/29/1988,454.2,116,3.915517241,8.256,,0,0
2/29/1988,431.9,116.2,3.71686747,8.149,,0,0
3/31/1988,454.4,116.5,3.900429185,8.542,,0,0
4/29/1988,452.6,117.2,3.861774744,8.889,,0,0
5/31/1988,455,117.5,3.872340426,9.151,,0,0
6/30/1988,437.7,118,3.709322034,8.873,,0,0
7/29/1988,436.1,118.5,3.680168776,9.105,,0,0
8/31/1988,434.1,119,3.64789916,9.236,,0,0
9/30/1988,394.4,119.5,3.30041841,8.935,,0,0
10/31/1988,415.1,119.9,3.46205171,8.644,,0,0
11/30/1988,424.8,120.3,3.53117207,9.054,,0,0
12/30/1988,412.3,120.7,3.415907208,9.137,,0,0
1/31/1989,391.6,121.2,3.231023102,8.98,,0,0
2/28/1989,390.4,121.6,3.210526316,9.295,,0,0
3/31/1989,385.1,122.2,3.151391162,9.275,,0,0
4/28/1989,380.5,123.1,3.090982941,9.053,,0,0
5/31/1989,363.3,123.7,2.93694422,8.6,,0,0
6/30/1989,377.3,124.1,3.040290089,8.077,,0,0
7/31/1989,374.7,124.5,3.009638554,7.804,,0,0
8/31/1989,361.7,124.5,2.905220884,8.251,,0,0
9/29/1989,367.2,124.8,2.942307692,8.286,,0,0
10/31/1989,377.6,125.4,3.011164274,7.909,,0,0
11/30/1989,411.6,125.9,3.269261319,7.826,,0,0
12/29/1989,405.2,126.3,3.208234363,7.935,,0,0
1/31/1990,417.8,127.5,3.276862745,8.418,,0,0
2/28/1990,408.9,128,3.19453125,8.515,,0,0
3/30/1990,375,128.6,2.916018663,8.628,,0,0
4/30/1990,371.4,128.9,2.881303336,9.022,,0,0
5/31/1990,368.6,129.1,2.855151046,8.599,,0,0
6/29/1990,359.9,129.9,2.770592764,8.412,,0,0
7/31/1990,370,130.5,2.835249042,8.341,,0,0
8/31/1990,384.6,131.6,2.922492401,8.846,,0,0
9/28/1990,402.5,132.5,3.037735849,8.795,,0,0
10/31/1990,381.3,133.4,2.85832084,8.617,,0,0
11/30/1990,385.7,133.7,2.884816754,8.252,,0,0
12/31/1990,396.2,134.2,2.952309985,8.067,,0,0
1/31/1991,368.5,134.7,2.735708983,8.007,,0,0
2/28/1991,369,134.8,2.737388724,8.033,,0,0
3/29/1991,357.1,134.8,2.649109792,8.061,,0,0
4/30/1991,357.7,135.1,2.647668394,8.013,,0,0
5/31/1991,364.8,135.6,2.690265487,8.059,,0,0
6/28/1991,370,136,2.720588235,8.227,,0,0
7/31/1991,363.6,136.2,2.669603524,8.147,,0,0
8/30/1991,349.6,136.6,2.559297218,7.816,,0,0
9/30/1991,357.3,137,2.608029197,7.445,,0,0
10/31/1991,359.5,137.2,2.620262391,7.46,,0,0
11/29/1991,367.9,137.8,2.669811321,7.376,,0,0
12/31/1991,355.2,138.2,2.570188133,6.699,,0,0
1/31/1992,357,138.3,2.581344902,7.274,,0,0
2/28/1992,354.1,138.6,2.554834055,7.25,,0,0
3/31/1992,343.7,139.1,2.470884256,7.528,,0,0
4/30/1992,337.9,139.4,2.423959828,7.583,,0,0
5/29/1992,338.4,139.7,2.422333572,7.318,,0,0
6/30/1992,344.4,140.1,2.458244111,7.121,,0,0
7/31/1992,357.4,140.5,2.543772242,6.709,,0,0
8/31/1992,343.6,140.8,2.440340909,6.604,,0,0
9/30/1992,347.8,141.1,2.464918498,6.354,,0,0
10/30/1992,340.1,141.7,2.400141143,6.789,,0,0
11/30/1992,335.5,142.1,2.361013371,6.937,,0,0
12/31/1992,333.1,142.3,2.340829234,6.686,,0,0
1/29/1993,330.7,142.8,2.315826331,6.359,,0,0
2/26/1993,329,143.1,2.299091544,6.02,,0,0
3/31/1993,339.3,143.3,2.367759944,6.024,,0,0
4/30/1993,357.2,143.8,2.484005563,6.009,,0,0
5/31/1993,380.3,144.2,2.637309293,6.149,,0,0
6/30/1993,379.2,144.3,2.627858628,5.776,,0,0
7/30/1993,411.3,144.5,2.846366782,5.807,,0,0
8/31/1993,375.7,144.8,2.59461326,5.448,,0,0
9/30/1993,357.1,145,2.462758621,5.382,,0,0
10/29/1993,369.6,145.6,2.538461538,5.427,,0,0
11/30/1993,371.9,146,2.547260274,5.819,,0,0
12/31/1993,391.9,146.3,2.67874231,5.794,,0,0
1/31/1994,383.6,146.3,2.622009569,5.642,,0,0
2/28/1994,382.5,146.7,2.607361963,6.129,,0,0
3/31/1994,394.3,147.1,2.680489463,6.738,,0,0
4/29/1994,377.8,147.2,2.566576087,7.042,,0,0
5/31/1994,390,147.5,2.644067797,7.147,,0,0
6/30/1994,387.3,147.9,2.618661258,7.32,,0,0
7/29/1994,389.2,148.4,2.622641509,7.111,,0,0
8/31/1994,390.8,149,2.622818792,7.173,,0,0
9/30/1994,397.6,149.3,2.663094441,7.603,,0,0
10/31/1994,384.9,149.4,2.576305221,7.807,,0,0
11/30/1994,384.5,149.8,2.566755674,7.906,,0,0
12/30/1994,384.4,150.1,2.56095936,7.822,,0,0
1/31/1995,377.7,150.5,2.509634551,7.581,,0,0
2/28/1995,378.3,150.9,2.50695825,7.201,,0,0
3/31/1995,394.3,151.2,2.607804233,7.196,,0,0
4/28/1995,388.5,151.8,2.559288538,7.055,,0,0
5/31/1995,387.6,152.1,2.548323471,6.284,,0,0
6/30/1995,385.6,152.4,2.530183727,6.203,,0,0
7/31/1995,388.4,152.6,2.545216252,6.426,,0,0
8/31/1995,386.9,152.9,2.530412034,6.284,,0,0
9/29/1995,386.5,153.1,2.524493795,6.182,,0,0
10/31/1995,384.3,153.5,2.503583062,6.02,,0,0
11/30/1995,388.6,153.7,2.528301887,5.741,,0,0
12/29/1995,388.1,153.9,2.521767381,5.572,,0,0
1/31/1996,408.5,154.7,2.640594699,5.58,,0,0
2/29/1996,401.2,155,2.588387097,6.098,,0,0
3/29/1996,398.4,155.5,2.562057878,6.327,,0,0
4/30/1996,393.5,156.1,2.520819987,6.67,,0,0
5/31/1996,394.4,156.4,2.52173913,6.852,,0,0
6/28/1996,381.6,156.7,2.435226548,6.711,,0,0
7/31/1996,393.1,157,2.503821656,6.794,,0,0
8/30/1996,391.3,157.2,2.489185751,6.943,,0,0
9/30/1996,380.5,157.7,2.412809131,6.703,,0,0
10/31/1996,379.1,158.2,2.396333755,6.339,,0,0
11/29/1996,375,158.7,2.36294896,6.044,,0,0
12/31/1996,369.2,159.1,2.320553111,6.418,,0,0
1/31/1997,346,159.4,2.1706399,6.494,3.34,0,0
2/28/1997,365.1,159.7,2.286161553,6.552,3.34,0,0
3/31/1997,354,159.8,2.215269086,6.903,3.58,0,0
4/30/1997,341.2,159.9,2.133833646,6.718,3.58,0,0
5/30/1997,347.5,159.9,2.173233271,6.659,3.58,0,0
6/30/1997,335.3,160.2,2.093008739,6.5,3.665,0,0
7/31/1997,328.6,160.4,2.048628429,6.011,3.575,0,0
8/29/1997,327.4,160.8,2.036069652,6.339,3.575,0,0
9/30/1997,336.9,161.2,2.089950372,6.103,3.615,0,0
10/31/1997,312.1,161.5,1.93250774,5.831,3.55,0,0
11/28/1997,298.6,161.7,1.846629561,5.874,3.545,0,0
12/31/1997,289.9,161.8,1.791718171,5.742,3.71,0,0
1/30/1998,304.6,162,1.880246914,5.505,3.64,0,0
2/27/1998,300.1,162,1.852469136,5.622,3.685,0,0
3/31/1998,303.3,162,1.872222222,5.654,3.72,0,0
4/30/1998,307.9,162.2,1.898273736,5.671,3.765,0,0
5/29/1998,295.1,162.6,1.814883149,5.552,3.645,0,0
6/30/1998,298.1,162.8,1.831081081,5.446,3.715,0,0
7/31/1998,290.5,163.2,1.78002451,5.494,3.78,0,0
8/31/1998,278.9,163.4,1.706854345,4.976,3.8,0,0
9/30/1998,299,163.5,1.828746177,4.42,3.57,0,0
10/30/1998,293.7,163.9,1.791946309,4.605,3.625,0,0
11/30/1998,295.1,164.1,1.798293723,4.714,3.735,0,0
12/31/1998,289.2,164.4,1.759124088,4.648,3.85,0,0
1/29/1999,288.2,164.7,1.749848209,4.651,3.77,0,0
2/26/1999,288.3,164.7,1.750455373,5.287,3.88,0,0
3/31/1999,281.9,164.8,1.710558252,5.242,3.925,0,0
4/30/1999,287.8,165.9,1.734779988,5.348,3.88,0,0
5/31/1999,272,166,1.638554217,5.622,3.875,0,0
6/30/1999,263.6,166,1.587951807,5.78,4.015,0,0
7/30/1999,258.8,166.7,1.552489502,5.903,4.04,0,0
8/31/1999,257.3,167.1,1.539796529,5.97,4.05,0,0
9/30/1999,299.5,167.8,1.784862932,5.877,4.07,0,0
10/29/1999,300.3,168.1,1.786436645,6.024,4.11,0,0
11/30/1999,293,168.4,1.739904988,6.191,4.15,0,0
12/31/1999,289.6,168.8,1.71563981,6.442,4.33,0,0
1/31/2000,286.2,169.3,1.690490254,6.665,4.3,0,0
2/29/2000,294.2,170,1.730588235,6.409,4.29,0,0
3/31/2000,281.4,171,1.645614035,6.004,4,0,0
4/28/2000,274.7,170.9,1.607372733,6.212,3.97,0,0
5/31/2000,274.8,171.2,1.605140187,6.272,4.17,0,0
6/30/2000,291.5,172.2,1.692799071,6.031,4.07,0,0
7/31/2000,283.2,172.7,1.639837869,6.031,4.015,0,0
8/31/2000,282.1,172.7,1.633468442,5.725,4,0,0
9/29/2000,276.9,173.6,1.595046083,5.802,3.97,0,0
10/31/2000,266.4,173.9,1.531914894,5.751,3.85,0,0
11/30/2000,273.3,174.2,1.568886338,5.468,3.8,0,0
12/29/2000,273.6,174.6,1.567010309,5.112,3.735,0,0
1/31/2001,268,175.6,1.5261959,5.114,3.508,0,0
2/28/2001,267.8,176,1.521590909,4.896,3.342,0,0
3/30/2001,259.2,176.1,1.471890971,4.917,3.292,0,0
4/30/2001,264.4,176.4,1.498866213,5.338,3.315,0,0
5/31/2001,266.9,177.3,1.50535815,5.381,3.27,0,0
6/29/2001,271.3,177.7,1.526730445,5.412,3.45,0,0
7/31/2001,269.2,177.4,1.517474634,5.054,3.398,0,0
8/31/2001,276.5,177.4,1.558624577,4.832,3.299,0,0
9/28/2001,294,178.1,1.650758001,4.588,3.141,0,0
10/31/2001,280.5,177.6,1.579391892,4.232,2.99,0,0
11/30/2001,274.9,177.5,1.548732394,4.752,3.41,0,0
12/31/2001,279,177.4,1.572717024,5.051,3.546,0,0
1/31/2002,282.9,177.7,1.592009004,5.033,3.434,0,0
2/28/2002,297.1,178,1.669101124,4.877,3.225,0,0
3/29/2002,303.7,178.5,1.70140056,5.396,3.313,0,0
4/30/2002,309.2,179.3,1.724484105,5.087,3.111,0,0
5/31/2002,327.5,179.5,1.824512535,5.045,3.057,0,0
6/28/2002,313.9,179.6,1.747772829,4.799,3.07,0,0
7/31/2002,305.2,180,1.695555556,4.461,2.754,0,0
8/30/2002,313.9,180.5,1.739058172,4.143,2.412,0,0
9/30/2002,325.2,180.8,1.798672566,3.596,2.179,0,0
10/31/2002,318.4,181.2,1.757174393,3.894,2.397,0,0
11/29/2002,317.8,181.5,1.750964187,4.207,2.551,0,0
12/31/2002,348.2,181.8,1.915291529,3.816,2.259,0,0
1/31/2003,369.1,182.6,2.02135816,3.964,2.148,0,0
2/28/2003,350.3,183.6,1.90795207,3.692,1.72,0,0
3/31/2003,336.9,183.9,1.831973899,3.798,1.956,0,0
4/30/2003,339.4,183.2,1.852620087,3.838,2.1,0,0
5/30/2003,365.6,182.9,1.998906506,3.372,1.689,0,0
6/30/2003,346.3,183.1,1.891316221,3.515,1.773,0,0
7/31/2003,355.8,183.7,1.936853566,4.408,2.386,0,0
8/29/2003,376.8,184.5,2.042276423,4.466,2.286,0,0
9/30/2003,386.1,185.1,2.085899514,3.939,1.938,0,0
10/31/2003,384.6,184.9,2.080043267,4.295,1.903,0,0
11/28/2003,398,185,2.151351351,4.334,2.017,0,0
12/31/2003,416.1,185.5,2.243126685,4.248,1.953,0,0
1/30/2004,402.9,186.3,2.162640902,4.134,1.848,0,0
2/27/2004,396.8,186.7,2.125334762,3.973,1.58,0,0
3/31/2004,428.3,187.1,2.289150187,3.837,1.457,0,0
4/30/2004,387.5,187.4,2.067769477,4.507,2.08,0,0
5/31/2004,394.9,188.2,2.098299681,4.649,1.971,0,0
6/30/2004,393,188.9,2.080465855,4.583,2.04,0,0
7/30/2004,393.7,189.1,2.081967213,4.477,2.007,0,0
8/31/2004,412.4,189.2,2.179704017,4.119,1.763,0,0
9/30/2004,420.4,189.8,2.214963119,4.121,1.749,0,0
10/29/2004,429.4,190.8,2.250524109,4.025,1.599,0,0
11/30/2004,453.2,191.7,2.364110589,4.351,1.729,0,0
12/31/2004,438.4,191.7,2.286906625,4.22,1.63,0,0
1/31/2005,424.1,191.6,2.213465553,4.13,1.639,2079.3545,4922962
2/28/2005,437.6,192.4,2.274428274,4.379,1.704,2869.331,6585452
3/31/2005,431.1,193.1,2.232522009,4.483,1.773,2561.06,5973857
4/29/2005,436.1,193.7,2.251419721,4.2,1.597,2670.68,6151312
5/31/2005,418.9,193.6,2.163739669,3.983,1.606,2569.97,6159430
6/30/2005,437.1,193.7,2.256582344,3.915,1.641,2628.2,6037742
7/29/2005,435.8,194.9,2.236018471,4.278,1.897,2781.47,6479333
8/31/2005,438.1,196.1,2.234064253,4.016,1.643,2914.443,6696566
9/30/2005,472.3,198.8,2.375754527,4.326,1.763,3362.91,7177844
10/31/2005,466.9,199.1,2.345052737,4.553,1.987,3443.3,7294986
11/30/2005,498.7,198.1,2.517415447,4.486,2.117,3942.982,7999584
12/30/2005,518.9,198.1,2.619384149,4.393,2.056,4754.155,9177140
1/31/2006,575.5,199.3,2.887606623,4.517,1.984,6634.728,11648361
2/28/2006,563.9,199.4,2.827983952,4.553,2,6837.517,12137754
3/31/2006,586.7,199.7,2.93790686,4.849,2.339,7197.173,12322855
4/28/2006,654.5,200.7,3.261086198,5.053,2.38,8365.198,12781517
5/31/2006,649,201.3,3.224043716,5.121,2.46,8143.97,12469686
6/30/2006,616,201.8,3.052527255,5.138,2.534,8180.329,13280171
7/31/2006,646.8,202.9,3.18777723,4.981,2.406,8723.756,13723276
8/31/2006,634.2,203.8,3.111874387,4.728,2.241,8773.964,13991969
9/29/2006,604.2,202.8,2.979289941,4.63,2.274,8270.004,13808622
10/31/2006,606.8,201.9,3.005448242,4.6,2.332,8411.008,13863536
11/30/2006,652.9,202,3.232178218,4.46,2.151,10099.985,15565655
12/29/2006,638,203.1,3.1413097,4.704,2.406,10196.35,16001541
1/31/2007,657.9,203.437,3.233924999,4.81,2.386,10447.637,15881813
2/28/2007,672.5,204.226,3.292920588,4.568,2.189,11332.349,16898003
3/30/2007,669,205.288,3.258836366,4.646,2.204,11275.735,16996838
4/30/2007,683.5,205.904,3.31950812,4.624,2.188,11715.5,17298408
5/31/2007,666.7,206.755,3.22458949,4.89,2.515,10939.371,16530493
6/29/2007,650.9,207.234,3.140893869,5.026,2.651,10651.629,16406150
7/31/2007,679.3,207.603,3.272110711,4.741,2.415,11607.141,17459547
8/31/2007,681.9,207.667,3.283622338,4.531,2.339,12164.96,18091691
9/28/2007,750,208.547,3.596311623,4.588,2.272,15008.99,20192351
10/31/2007,795.3,209.19,3.80180697,4.473,2.117,16612.1,20893003
11/30/2007,789.1,210.834,3.742754964,3.94,1.589,16495.32,21084348
12/31/2007,838,211.445,3.963205562,4.025,1.702,18326.58,21961700
1/31/2008,928,212.174,4.373768699,3.595,1.276,20557.8,22216404
2/29/2008,975,212.687,4.584201197,3.511,1.071,21903.72,22485433
3/31/2008,921.5,213.448,4.317210749,3.411,1.087,20795.17,22701777
4/30/2008,865.1,213.942,4.043619299,3.73,1.45,18154.22,20681376
5/30/2008,891.5,215.208,4.142503996,4.061,1.536,18780.33,21187001
6/30/2008,928.3,217.463,4.268772159,3.971,1.428,21014.04,22678898
7/31/2008,922.7,219.016,4.212934215,3.948,1.641,21579.49,23618572
8/29/2008,835.2,218.69,3.819104669,3.813,1.668,18953.62,22855306
9/30/2008,880.8,218.877,4.024177963,3.825,2.24,22739.03,26322982
10/31/2008,718.2,216.995,3.309753681,3.955,3.131,18956.56,26162119
11/28/2008,819,213.153,3.842310453,2.922,2.536,21600.06,26477438
12/31/2008,884.3,211.398,4.183104854,2.214,2.092,23943.09,27231874
1/30/2009,928.4,211.933,4.380629727,2.842,1.747,27225.23,29332243
2/27/2009,942.5,212.705,4.431019487,3.015,2.023,33222.42,35272504
3/31/2009,925,212.495,4.353043601,2.665,1.356,35288.34,38427519
4/30/2009,891.2,212.709,4.189761599,3.121,1.648,33482.65,37707270
5/29/2009,980.3,213.022,4.601872107,3.461,1.621,37418.8,38186154
6/30/2009,927.4,214.79,4.317705666,3.535,1.768,35557.24,38302072
7/31/2009,955.8,214.726,4.451254156,3.481,1.709,35005.17,36817424
8/31/2009,953.5,215.445,4.425723503,3.399,1.743,34731.97,36501142
9/30/2009,1009.3,215.861,4.675694081,3.307,1.535,37896.14,37616545
10/30/2009,1040.4,216.509,4.805342965,3.385,1.369,39769.92,38045954
11/30/2009,1182.3,217.234,5.442518206,3.2,1.083,45946.43,38925784
12/31/2009,1096.2,217.347,5.043547875,3.839,1.432,42689.52,38997516
1/29/2010,1083.8,217.488,4.983263444,3.586,1.268,41410.72,38298939
2/26/2010,1118.9,217.281,5.149552883,3.614,1.457,42508.82,38056107
3/31/2010,1114.5,217.353,5.127603484,3.828,1.568,43162.61,38799364
4/30/2010,1180.7,217.403,5.430927816,3.655,1.257,46883.84,39790500
5/31/2010,1215,217.29,5.591605688,3.287,1.249,52801.21,43473011
6/30/2010,1245.9,217.199,5.736214255,2.933,1.081,56229.55,45199388
7/30/2010,1183.9,217.605,5.440591898,2.907,1.124,52130.24,44148337
8/31/2010,1250.3,217.923,5.737347595,2.47,0.921,56117.26,44931658
9/30/2010,1309.6,218.275,5.999770931,2.512,0.694,59094.2,45146285
10/29/2010,1357.6,219.035,6.198096195,2.601,0.449,60911.8,44875429
11/30/2010,1386.1,219.59,6.312218225,2.799,0.654,62138.44,44806616
12/31/2010,1421.4,220.472,6.44707718,3.295,0.968,63876.81,44959509
1/31/2011,1334.5,221.187,6.033356391,3.372,1.055,57237.6,43028280
2/28/2011,1409.9,221.898,6.353820224,3.429,1.013,60304.11,42713054
3/31/2011,1439.9,223.046,6.45561902,3.472,0.966,61611.14,42969626
4/29/2011,1556.4,224.093,6.945330733,3.288,0.709,68536.17,43856777
5/31/2011,1536.8,224.806,6.836116474,3.062,0.763,66556.76,43350885
6/30/2011,1502.8,224.806,6.684874959,3.161,0.703,65150.73,43484505
7/29/2011,1631.2,225.395,7.237072695,2.797,0.36,74192.65,45646131
8/31/2011,1831.7,226.106,8.101067641,2.224,0.15,82097.5,44996659
9/30/2011,1622.3,226.597,7.159406347,1.916,0.158,72838.29,44871988
10/31/2011,1725.2,226.75,7.608379272,2.114,0.035,77882.95,45286879
11/30/2011,1750.3,227.169,7.704836487,2.069,-0.014,82648.52,47264219
12/30/2011,1566.8,227.223,6.89542872,1.877,-0.113,71617.74,45834541
1/31/2012,1740.4,227.842,7.638626768,1.798,-0.3,81068.83,46481404
2/29/2012,1711.3,228.329,7.494886764,1.972,-0.296,80165.4,47429706
3/30/2012,1671.9,228.807,7.30703169,2.211,-0.129,78718.74,47191013
4/30/2012,1664.2,229.187,7.261319359,1.915,-0.349,78139.32,46891547
5/31/2012,1564.2,228.713,6.839139008,1.559,-0.56,72615.25,46504784
6/29/2012,1604.2,228.524,7.019831615,1.646,-0.489,75065.82,46956677
7/31/2012,1614.6,228.59,7.063301107,1.469,-0.717,74404.62,46131031
8/31/2012,1687.6,229.918,7.340008177,1.549,-0.711,80490.9,47531710
9/28/2012,1773.9,231.015,7.678722161,1.634,-0.788,86739.6,48888825
10/31/2012,1719.1,231.638,7.421493883,1.691,-0.806,85541.2,49669868
11/30/2012,1712.7,231.249,7.406302298,1.616,-0.845,86159.4,50279836
12/31/2012,1675.8,231.221,7.247611592,1.758,-0.741,84347.4,50430098
1/31/2013,1662,231.679,7.173718809,1.986,-0.579,82889.4,49783973
2/28/2013,1578.1,232.937,6.774793184,1.876,-0.666,74647.1,47255071
3/29/2013,1595.7,232.282,6.869667043,1.85,-0.668,73557.3,46085747
4/30/2013,1472.1,231.797,6.350815584,1.673,-0.671,60451.1,40963553
5/31/2013,1393,231.893,6.007080852,2.129,-0.102,53441.42,38583537
6/28/2013,1223.7,232.445,5.264471165,2.487,0.46,45504.58,36926628
7/31/2013,1313,232.9,5.637612709,2.577,0.373,47088.18,35565416
8/30/2013,1396.1,233.456,5.980141868,2.785,0.68,49243.02,35341451
9/30/2013,1327,233.544,5.682012811,2.611,0.417,46241.64,34840234
10/31/2013,1323.7,233.669,5.664850708,2.555,0.39,44394.87,33562388
11/29/2013,1250.4,234.1,5.341307134,2.745,0.567,40701.65,32574638
12/31/2013,1202.3,234.719,5.12229517,3.029,0.77,37171.74,30884072
1/31/2014,1239.8,235.288,5.269287001,2.645,0.513,38226.15,30704564
2/28/2014,1321.6,235.547,5.610769825,2.648,0.466,41197.74,31120222
3/31/2014,1283.8,236.028,5.439185181,2.719,0.579,40336.39,31452579
4/30/2014,1295.9,236.468,5.480234112,2.647,0.458,39472.4,30619175
5/30/2014,1246,236.918,5.259203606,2.477,0.236,38139.16,30501340
6/30/2014,1322,237.231,5.572627523,2.531,0.253,40842.81,30719173
7/31/2014,1282.8,237.498,5.401308643,2.559,0.29,39871.07,31106323
8/29/2014,1287.4,237.46,5.421544681,2.344,0.215,39738.99,30879292
9/30/2014,1211.6,237.477,5.10196777,2.49,0.518,36209.44,30009867
10/31/2014,1171.6,237.43,4.934507013,2.336,0.408,33996.73,29017140
11/28/2014,1175.5,236.983,4.960271412,2.165,0.362,32973.08,28274496
12/31/2014,1184.1,236.252,5.012021062,2.172,0.473,33066.18,27977723
1/30/2015,1279.2,234.747,5.449270917,1.642,-0.003,38250.76,29769065
2/27/2015,1213.1,235.342,5.154626034,1.994,0.16,36468.72,30147155
3/31/2015,1183.2,235.976,5.014069227,1.924,0.147,34339.02,29005203
4/30/2015,1182.4,236.222,5.005460965,2.033,0.104,34403.65,29094684
5/29/2015,1189.8,237.001,5.020231982,2.122,0.299,33748.56,28371648
6/30/2015,1171.8,237.657,4.930635327,2.354,0.461,33128.49,28268111
7/31/2015,1095.1,238.034,4.600603275,2.181,0.436,29406.03,26866009
8/31/2015,1132.5,238.033,4.757743674,2.219,0.582,30807.83,27127791
9/30/2015,1115.2,237.498,4.695618489,2.038,0.607,30416.13,27266288
10/30/2015,1141.4,237.733,4.801184522,2.143,0.614,31319.04,27464868
11/30/2015,1065.3,238.017,4.475730725,2.207,0.598,27842.1,26153122
12/31/2015,1060.2,237.761,4.459099684,2.27,0.71,27092.96,25558346
1/29/2016,1116.4,237.652,4.697625099,1.922,0.517,30029.33,26867780
2/29/2016,1234.4,237.336,5.201065157,1.736,0.306,38566.89,31080136
3/31/2016,1235.6,238.08,5.189852151,1.77,0.14,39785.5,32331263
4/29/2016,1290.5,238.992,5.399762335,1.834,0.126,41261.03,31893737
5/31/2016,1217.5,239.557,5.082297741,1.847,0.277,41641.92,34279480
6/30/2016,1320.6,240.222,5.497414891,1.471,0.041,49301.82,37238138
7/29/2016,1357.5,240.101,5.653870663,1.454,-0.036,51125.87,37850654
8/31/2016,1311.4,240.545,5.451786568,1.581,0.111,49117.17,37573768
9/30/2016,1317.1,241.176,5.461156997,1.595,-0.014,49726.21,37765389
10/31/2016,1273.1,241.741,5.266380134,1.826,0.095,48238.4,37733087
11/30/2016,1173.9,242.026,4.850305339,2.382,0.425,40927.89,34923923
12/30/2016,1151.7,242.637,4.746596768,2.445,0.479,37652.3,32741647
1/31/2017,1211.4,243.618,4.972538975,2.454,0.395,38949.61,32124237
2/28/2017,1253.9,244.006,5.138808062,2.391,0.379,41981.82,33546672
3/31/2017,1251.2,243.892,5.13013957,2.388,0.404,41378.18,33185498
4/28/2017,1268.3,244.193,5.193842575,2.281,0.36,43142.89,34006824
5/31/2017,1275.4,244.004,5.226963492,2.204,0.376,42833.16,33772167
6/30/2017,1242.3,244.163,5.087994495,2.305,0.568,42396.61,34171653
7/31/2017,1273.4,244.243,5.213660166,2.295,0.476,40939.9,32239346.2
8/31/2017,1322.2,245.183,5.392706672,2.118,0.345,43979.98,33234168
9/29/2017,1284.8,246.435,5.213545154,2.334,0.48,44972.58,35147652
10/31/2017,1270.5,246.626,5.151524981,2.38,0.496,44312.93,34887329
11/30/2017,1276.7,247.284,5.162889633,2.411,0.541,44309.7,34752216
12/29/2017,1309.3,247.805,5.283589919,2.406,0.426,45261.5,34754805
1/31/2018,1343.1,248.859,5.397032054,2.706,0.594,47681.3,35451513
2/28/2018,1317.9,249.529,5.281550441,2.862,0.743,46475,35270716
3/30/2018,1327.3,249.577,5.318198392,2.74,0.684,47645.6,35928750
4/30/2018,1319.2,250.227,5.272013012,2.954,0.779,48999.9,37286055
5/31/2018,1304.7,250.792,5.202319053,2.859,0.779,47308.3,36430454
6/29/2018,1254.5,251.018,4.997649571,2.861,0.736,43793.8,34970521
7/31/2018,1233.6,251.214,4.910554348,2.961,0.834,41820.6,34157656
8/31/2018,1206.7,251.663,4.794904297,2.861,0.771,39263.1,32751436.18
9/28/2018,1196.2,252.182,4.743399608,3.062,0.917,38682.4,32466837
10/31/2018,1215,252.772,4.806703274,3.144,1.082,40169.5,33007188
11/30/2018,1226,252.594,4.853638645,2.989,1.023,40587.6,33227620
12/31/2018,1281.3,252.767,5.069095254,2.685,0.972,44025.8,34333880
1/31/2019,1325.2,252.718,5.24378952,2.63,0.767,47362.4,35892502
2/28/2019,1316.1,253.322,5.195364003,2.716,0.772,45727.8,34843271
3/29/2019,1298.5,254.202,5.108142343,2.406,0.531,45097.4,34909819
4/30/2019,1285.7,255.211,5.037792258,2.503,0.553,42997,33502185
5/31/2019,1311.1,255.29,5.135727996,2.125,0.385,43088.7,32981017
6/28/2019,1413.7,255.159,5.540466925,2.006,0.304,49394.3,35003186
7/31/2019,1437.8,255.685,5.623325576,2.015,0.266,51362.4,36370935
8/30/2019,1529.4,256.059,5.972842197,1.498,-0.044,59003,38727921
9/30/2019,1472.9,256.511,5.742053947,1.666,0.146,59838.5,40617619
10/31/2019,1514.8,257.244,5.888572717,1.692,0.142,61835.8,40913260
11/29/2019,1472.7,257.803,5.712501406,1.777,0.157,58985.7,40321984
12/31/2019,1523.1,258.616,5.889426795,1.919,0.134,61131.9,40296166
1/31/2020,1587.9,259.037,6.130012315,1.508,-0.133,65032.6,40995781
2/28/2020,1566.7,259.248,6.043248164,1.15,-0.28,66505.8,42183151
3/31/2020,1596.6,258.124,6.185399265,0.67,-0.255,68747.8,43652135
4/30/2020,1694.2,256.092,6.615591272,0.64,-0.429,80239.8,47542202
5/29/2020,1751.7,255.868,6.84610815,0.653,-0.505,87144.1,50313314
6/30/2020,1800.5,256.986,7.006218238,0.657,-0.705,93570,52561261
7/31/2020,1985.9,258.278,7.689001773,0.529,-1.025,110010,55731007
8/31/2020,1978.6,259.411,7.62727872,0.706,-1.099,111121.4,56485861
9/30/2020,1895.5,260.029,7.289571548,0.685,-0.948,108354.1,57456475
10/30/2020,1879.9,260.286,7.222439931,0.875,-0.833,107676.3,57384706
11/30/2020,1780.9,260.813,6.828263929,0.841,-0.96,98385.6,55387783
12/31/2020,1895.1,262.035,7.232239968,0.916,-1.087,103656.3,54521956
1/29/2021,1850.3,262.65,7.044736341,1.067,-1.035,99827.2,54236662
2/26/2021,1728.8,263.638,6.55747654,1.407,-0.741,89495.7,51865166
3/31/2021,1715.6,264.914,6.47606393,1.742,-0.632,84575.9,49558859
4/30/2021,1767.7,266.67,6.62879214,1.628,-0.779,86003.7,48637053
5/31/2021,1905.3,268.444,7.097569698,1.596,-0.858,94508.5,49633440
6/30/2021,1771.6,270.559,6.547924852,1.469,-0.876,88203.7,49853689
7/30/2021,1817.2,271.764,6.686684035,1.224,-1.176,89311.6,49221284
8/31/2021,1818.1,272.87,6.66287976,1.31,-1.028,87227.6,48096896
9/30/2021,1757,274.028,6.411753543,1.488,-0.888,83991.9,47844471
10/29/2021,1783.9,276.522,6.451204606,1.555,-1.032,84655.1,47493261
11/30/2021,1776.5,278.711,6.373985957,1.447,-1.083,84801,47899068
12/31/2021,1828.6,280.887,6.510091247,1.512,-1.099,86274.9,47152892
1/31/2022,1796.4,282.599,6.356710392,1.778,-0.708,87241.7,48483571
2/28/2022,1900.7,284.61,6.678261481,1.827,-0.795,93789.4,49103243
3/31/2022,1954,287.472,6.797183726,2.341,-0.488,100081,51699040
4/29/2022,1911.7,288.611,6.623794658,2.937,-0.001,98431.6,51919343
5/31/2022,1848.4,291.268,6.346045566,2.847,0.198,93629.7,51033722
6/30/2022,1807.3,294.728,6.132094677,3.016,0.671,90619.2,50170485
7/29/2022,1781.8,294.628,6.047626159,2.651,0.099,85296.9075,48450603
8/31/2022,1726.2,295.32,5.845184884,3.195,0.712,80736.282,47239753
9/30/2022,1672,296.539,5.638381461,3.832,1.676,75730.311,45610962
10/31/2022,1640.7,297.987,5.50594489,4.05,1.539,72320.576,44330040
11/30/2022,1759.9,298.598,5.893877387,3.607,1.243,77359.856,43698855
12/30/2022,1826.2,298.99,6.107896585,3.877,1.576,80079.8455,43932820
1/31/2023,1945.3,300.536,6.472768653,3.511,1.264,84868.333,44008713
2/28/2023,1836.7,301.648,6.088885058,3.923,1.547,79806.293,43720616
3/31/2023,1986.2,301.808,6.581005142,3.47,1.147,86947.9875,44123106
4/28/2023,1999.1,302.918,6.599475766,3.425,1.217,88188.1695,44350471
5/31/2023,1982.1,303.294,6.535243032,3.646,1.481,88009.232,44851242
6/30/2023,1929.4,303.841,6.35003176,3.84,1.62,84587.8445,44067320
7/31/2023,2009.2,303.841,6.612669126,3.962,1.588,85684.055,43635660
